timestamp,temperature_c,temperature_f,humidity_pct
2026-08-09T15:46:05,27.4,81.3,30.8
2026-08-09T15:46:07,27.4,81.3,30.8
2026-08-09T15:46:09,27.4,81.3,30.5
2026-08-09T15:46:12,27.4,81.3,30.6
2026-08-09T15:46:14,27.4,81.3,30.8
2026-08-09T15:46:16,27.4,81.3,30.7
2026-08-09T15:46:19,27.4,81.3,30.6
2026-08-09T15:46:21,27.4,81.3,30.6
2026-08-09T15:46:23,27.4,81.3,30.7
2026-08-09T15:46:26,27.4,81.3,30.7
2026-08-09T15:46:28,27.4,81.3,30.6
2026-08-09T18:34:37,29.2,84.6,27.5
2026-08-09T18:34:40,29.2,84.6,27.5
2026-08-09T18:34:42,29.3,84.7,27.6
2026-08-09T18:34:44,29.2,84.6,27.5
2026-08-09T18:34:47,29.3,84.7,27.5
2026-08-09T18:34:49,29.2,84.6,27.4
2026-08-09T18:34:52,29.2,84.6,27.5
2026-08-09T18:34:54,29.2,84.6,27.5
2026-08-09T18:34:56,29.3,84.7,27.5
2026-08-09T18:34:59,29.2,84.6,27.5
2026-08-09T18:35:01,29.2,84.6,27.6
2026-08-09T18:35:03,29.2,84.6,27.2
2026-08-09T18:35:06,29.2,84.6,27.5
2026-08-09T18:35:08,29.2,84.6,27.5
2026-08-09T18:35:10,29.3,84.7,27.5
2026-08-09T18:35:13,29.3,84.7,27.4
2026-08-09T18:35:15,29.2,84.6,27.4
2026-08-09T18:35:17,29.2,84.6,27.6
2026-08-09T18:35:20,29.3,84.7,27.5
2026-08-09T18:35:22,29.3,84.7,27.5
2026-08-09T18:35:24,29.3,84.7,27.4
2026-08-09T18:35:27,29.3,84.7,27.3
2026-08-09T18:35:29,29.2,84.6,27.4
2026-08-09T18:35:32,29.2,84.6,27.4
2026-08-09T18:35:34,29.3,84.7,27.4
2026-08-09T18:35:36,29.3,84.7,27.6
2026-08-09T18:35:39,29.3,84.7,27.5
2026-08-09T18:35:41,29.3,84.7,27.5
2026-08-09T18:35:43,29.3,84.7,27.4
2026-08-09T18:35:46,29.3,84.7,27.5
2026-08-09T18:35:48,29.2,84.6,27.6
2026-08-09T18:35:50,29.2,84.6,27.4
2026-08-09T18:35:53,29.3,84.7,27.5
2026-08-09T18:35:55,29.3,84.7,27.5
2026-08-09T18:35:57,29.3,84.7,27.5
2026-08-09T18:36:00,29.3,84.7,27.6
2026-08-09T18:36:02,29.3,84.7,27.4
2026-08-09T18:36:04,29.2,84.6,27.4
2026-08-09T18:36:07,29.3,84.7,27.5
2026-08-09T18:36:09,29.2,84.6,27.5
2026-08-09T18:36:11,29.3,84.7,27.6
2026-08-09T18:36:14,29.3,84.7,27.6
2026-08-09T18:36:16,29.3,84.7,27.6
2026-08-09T18:36:19,29.3,84.7,27.4
2026-08-09T18:36:21,29.3,84.7,27.4
2026-08-09T18:36:23,29.2,84.6,27.5
2026-08-09T18:36:26,29.2,84.6,27.6
2026-08-09T18:36:28,29.3,84.7,27.4
2026-08-09T18:36:30,29.3,84.7,27.4
2026-08-09T18:36:33,29.3,84.7,27.3
2026-08-09T18:36:35,29.3,84.7,27.3
2026-08-09T18:36:37,29.3,84.7,27.5
2026-08-09T18:36:40,29.3,84.7,27.3
2026-08-09T18:36:42,29.3,84.7,27.4
2026-08-09T18:36:44,29.3,84.7,27.5
2026-08-09T18:36:47,29.3,84.7,27.5
2026-08-09T18:36:49,29.3,84.7,27.5
2026-08-09T18:36:51,29.2,84.6,27.3
2026-08-09T18:36:54,29.2,84.6,27.4
2026-08-09T18:36:56,29.3,84.7,27.4
2026-08-09T18:36:59,29.2,84.6,27.4
2026-08-09T18:37:01,29.2,84.6,27.5
2026-08-09T18:37:03,29.3,84.7,27.3
2026-08-09T18:37:06,29.2,84.6,27.3
2026-08-09T18:37:08,29.2,84.6,27.5
2026-08-09T18:37:10,29.2,84.6,27.5
2026-08-09T18:37:13,29.3,84.7,27.4
2026-08-09T18:37:15,29.2,84.6,27.5
2026-08-09T18:37:17,29.2,84.6,27.5
2026-08-09T18:37:20,29.3,84.7,27.6
2026-08-09T18:37:22,29.2,84.6,27.5
2026-08-09T18:37:24,29.3,84.7,27.4
2026-08-09T18:37:27,29.3,84.7,27.5
2026-08-09T18:37:29,29.3,84.7,27.5
2026-08-09T18:37:31,29.3,84.7,27.6
2026-08-09T18:37:34,29.3,84.7,27.3
2026-08-09T18:37:36,29.3,84.7,27.4
2026-08-09T18:37:38,29.3,84.7,27.4
2026-08-09T18:37:41,29.3,84.7,27.5
2026-08-09T18:37:43,29.2,84.6,27.4
2026-08-09T18:37:46,29.2,84.6,27.5
2026-08-09T18:37:48,29.3,84.7,27.6
2026-08-09T18:37:50,29.3,84.7,27.4
2026-08-09T18:37:53,29.2,84.6,27.6
2026-08-09T18:37:55,29.2,84.6,27.3
2026-08-09T18:37:57,29.3,84.7,27.4
2026-08-09T18:38:00,29.3,84.7,27.4
2026-08-09T18:38:02,29.3,84.7,27.3
2026-08-09T18:38:04,29.3,84.7,27.5
2026-08-09T18:38:07,29.2,84.6,27.4
2026-08-09T18:38:09,29.3,84.7,27.5
2026-08-09T18:38:11,29.3,84.7,27.6
2026-08-09T18:38:14,29.2,84.6,27.5
2026-08-09T18:38:16,29.2,84.6,27.3
2026-08-09T18:38:18,29.3,84.7,27.5
2026-08-09T18:38:21,29.3,84.7,27.5
2026-08-09T18:38:23,29.3,84.7,27.4
2026-08-09T18:38:26,29.2,84.6,27.3
2026-08-09T18:38:28,29.3,84.7,27.4
2026-08-09T18:38:30,29.2,84.6,27.4
2026-08-09T18:38:33,29.3,84.7,27.4
2026-08-09T18:38:35,29.3,84.7,27.4
2026-08-09T18:38:37,29.3,84.7,27.5
2026-08-09T18:38:40,29.3,84.7,27.5
2026-08-09T18:38:42,29.3,84.7,27.4
2026-08-09T18:38:44,29.3,84.7,27.6
2026-08-09T18:38:47,29.3,84.7,27.4
2026-08-09T18:38:49,29.3,84.7,27.5
2026-08-09T18:38:51,29.3,84.7,27.5
2026-08-09T18:38:54,29.3,84.7,27.5
2026-08-09T18:38:56,29.2,84.6,27.3
2026-08-09T18:38:58,29.3,84.7,27.5
2026-08-09T18:39:01,29.3,84.7,27.4
2026-08-09T18:39:03,29.3,84.7,27.4
2026-08-09T18:39:05,29.3,84.7,27.4
2026-08-09T18:39:08,29.3,84.7,27.4
2026-08-09T18:39:10,29.3,84.7,27.4
2026-08-09T18:39:13,29.3,84.7,27.5
2026-08-09T18:39:15,29.3,84.7,27.3
2026-08-09T18:39:17,29.2,84.6,27.4
2026-08-09T18:39:20,29.3,84.7,27.4
2026-08-09T18:39:22,29.3,84.7,27.5
2026-08-09T18:39:24,29.3,84.7,27.4
2026-08-09T18:39:27,29.3,84.7,27.4
2026-08-09T18:39:29,29.3,84.7,27.5
2026-08-09T18:39:31,29.2,84.6,27.4
2026-08-09T18:39:34,29.3,84.7,27.5
2026-08-09T18:39:36,29.3,84.7,27.5
2026-08-09T18:39:38,29.3,84.7,27.5
2026-08-09T18:39:41,29.3,84.7,27.4
2026-08-09T18:39:43,29.3,84.7,27.4
2026-08-09T18:39:45,29.2,84.6,27.5
2026-08-09T18:39:48,29.3,84.7,27.6
2026-08-09T18:39:50,29.2,84.6,27.4
2026-08-09T18:39:53,29.3,84.7,27.4
2026-08-09T18:39:55,29.3,84.7,27.4
2026-08-09T18:39:57,29.3,84.7,27.5
2026-08-09T18:40:00,29.3,84.7,27.3
2026-08-09T18:40:02,29.2,84.6,27.4
2026-08-09T18:40:04,29.3,84.7,27.5
2026-08-09T18:40:07,29.3,84.7,27.4
2026-08-09T18:40:09,29.3,84.7,27.6
2026-08-09T18:40:11,29.3,84.7,27.4
2026-08-09T18:40:14,29.3,84.7,27.3
2026-08-09T18:40:16,29.3,84.7,27.5
2026-08-09T18:40:18,29.2,84.6,27.5
2026-08-09T18:40:21,29.3,84.7,27.4
2026-08-09T18:40:23,29.3,84.7,27.5
2026-08-09T18:40:25,29.3,84.7,27.6
2026-08-09T18:40:28,29.3,84.7,27.4
2026-08-09T18:40:30,29.3,84.7,27.5
2026-08-09T18:40:32,29.3,84.7,27.4
2026-08-09T18:40:35,29.2,84.6,27.5
2026-08-09T18:40:37,29.2,84.6,27.6
2026-08-09T18:40:40,29.3,84.7,27.4
2026-08-09T18:40:42,29.3,84.7,27.4
2026-08-09T18:40:44,29.3,84.7,27.5
2026-08-09T18:40:47,29.3,84.7,27.4
2026-08-09T18:40:49,29.3,84.7,27.5
2026-08-09T18:40:51,29.3,84.7,27.6
2026-08-09T18:40:54,29.3,84.7,27.4
2026-08-09T18:40:56,29.3,84.7,27.6
2026-08-09T18:40:58,29.3,84.7,27.5
2026-08-09T18:41:01,29.3,84.7,27.3
2026-08-09T18:41:03,29.3,84.7,27.3
2026-08-09T18:41:05,29.3,84.7,27.5
2026-08-09T18:41:08,29.3,84.7,27.4
2026-08-09T18:41:10,29.3,84.7,27.4
2026-08-09T18:41:12,29.3,84.7,27.5
2026-08-09T18:41:15,29.3,84.7,27.5
2026-08-09T18:41:17,29.3,84.7,27.4
2026-08-09T18:41:20,29.3,84.7,27.5
2026-08-09T18:41:22,29.3,84.7,27.5
2026-08-09T18:41:24,29.2,84.6,27.5
2026-08-09T18:41:27,29.3,84.7,27.5
2026-08-09T18:41:29,29.3,84.7,27.5
2026-08-09T18:41:31,29.3,84.7,27.5
2026-08-09T18:41:34,29.3,84.7,27.4
2026-08-09T18:41:36,29.3,84.7,27.4
2026-08-09T18:41:38,29.3,84.7,27.3
2026-08-09T18:41:41,29.3,84.7,27.4
2026-08-09T18:41:43,29.3,84.7,27.3
2026-08-09T18:41:45,29.3,84.7,27.4
2026-08-09T18:41:48,29.3,84.7,27.4
2026-08-09T18:41:50,29.3,84.7,27.6
2026-08-09T18:41:52,29.3,84.7,27.4
2026-08-09T18:41:55,29.3,84.7,27.5
2026-08-09T18:41:57,29.3,84.7,27.4
2026-08-09T18:41:59,29.3,84.7,27.4
2026-08-09T18:42:02,29.3,84.7,27.4
2026-08-09T18:42:04,29.3,84.7,27.4
2026-08-09T18:42:07,29.3,84.7,27.4
2026-08-09T18:42:09,29.3,84.7,27.4
2026-08-09T18:42:11,29.3,84.7,27.4
2026-08-09T18:42:14,29.3,84.7,27.6
2026-08-09T18:42:16,29.3,84.7,27.5
2026-08-09T18:42:18,29.3,84.7,27.4
2026-08-09T18:42:21,29.3,84.7,27.5
2026-08-09T18:42:23,29.3,84.7,27.4
2026-08-09T18:42:25,29.3,84.7,27.4
2026-08-09T18:42:28,29.3,84.7,27.5
2026-08-09T18:42:30,29.3,84.7,27.4
2026-08-09T18:42:32,29.3,84.7,27.5
2026-08-09T18:42:35,29.3,84.7,27.5
2026-08-09T18:42:37,29.3,84.7,27.4
2026-08-09T18:42:39,29.3,84.7,27.4
2026-08-09T18:42:42,29.3,84.7,27.3
2026-08-09T18:42:44,29.3,84.7,27.4
2026-08-09T18:42:47,29.3,84.7,27.3
2026-08-09T18:42:49,29.3,84.7,27.3
2026-08-09T18:42:51,29.3,84.7,27.4
2026-08-09T18:42:54,29.3,84.7,27.4
2026-08-09T18:42:56,29.2,84.6,27.3
2026-08-09T18:42:58,29.3,84.7,27.3
2026-08-09T18:43:01,29.3,84.7,27.3
2026-08-09T18:43:03,29.2,84.6,27.4
2026-08-09T18:43:05,29.3,84.7,27.4
2026-08-09T18:43:08,29.3,84.7,27.5
2026-08-09T18:43:10,29.3,84.7,27.5
2026-08-09T18:43:12,29.3,84.7,27.4
2026-08-09T18:43:15,29.3,84.7,27.3
2026-08-09T18:43:17,29.3,84.7,27.4
2026-08-09T18:43:19,29.3,84.7,27.3
2026-08-09T18:43:22,29.3,84.7,27.5
2026-08-09T18:43:24,29.3,84.7,27.6
2026-08-09T18:43:26,29.3,84.7,27.3
2026-08-09T18:43:29,29.3,84.7,27.4
2026-08-09T18:43:31,29.3,84.7,27.4
2026-08-09T18:43:34,29.3,84.7,27.4
2026-08-09T18:43:36,29.3,84.7,27.4
2026-08-09T18:43:38,29.3,84.7,27.6
2026-08-09T18:43:41,29.3,84.7,27.4
2026-08-09T18:43:43,29.3,84.7,27.4
2026-08-09T18:43:45,29.3,84.7,27.5
2026-08-09T18:43:48,29.3,84.7,27.4
2026-08-09T18:43:50,29.3,84.7,27.4
2026-08-09T18:43:52,29.3,84.7,27.3
2026-08-09T18:43:55,29.3,84.7,27.2
2026-08-09T18:43:57,29.3,84.7,27.6
2026-08-09T18:43:59,29.3,84.7,27.4
2026-08-09T18:44:02,29.2,84.6,27.3
2026-08-09T18:44:04,29.3,84.7,27.4
2026-08-09T18:44:06,29.3,84.7,27.4
2026-08-09T18:44:09,29.3,84.7,27.4
2026-08-09T18:44:11,29.3,84.7,27.4
2026-08-09T18:44:14,29.3,84.7,27.5
2026-08-09T18:44:16,29.3,84.7,27.2
2026-08-09T18:44:18,29.3,84.7,27.4
2026-08-09T18:44:21,29.3,84.7,27.4
2026-08-09T18:44:23,29.3,84.7,27.5
2026-08-09T18:44:25,29.3,84.7,27.4
2026-08-09T18:44:28,29.3,84.7,27.5
2026-08-09T18:44:30,29.3,84.7,27.6
2026-08-09T18:44:32,29.3,84.7,27.3
2026-08-09T18:44:35,29.3,84.7,27.4
2026-08-09T18:44:37,29.3,84.7,27.3
2026-08-09T18:44:39,29.3,84.7,27.4
2026-08-09T18:44:42,29.3,84.7,27.2
2026-08-09T18:44:44,29.3,84.7,27.4
2026-08-09T18:44:46,29.3,84.7,27.4
2026-08-09T18:44:49,29.3,84.7,27.4
2026-08-09T18:44:51,29.3,84.7,27.5
2026-08-09T18:44:54,29.3,84.7,27.6
2026-08-09T18:44:56,29.3,84.7,27.3
2026-08-09T18:44:58,29.3,84.7,27.4
2026-08-09T18:45:01,29.3,84.7,27.3
2026-08-09T18:45:03,29.3,84.7,27.3
2026-08-09T18:45:05,29.3,84.7,27.4
2026-08-09T18:45:08,29.3,84.7,27.5
2026-08-09T18:45:10,29.3,84.7,27.5
2026-08-09T18:45:12,29.3,84.7,27.5
2026-08-09T18:45:15,29.3,84.7,27.5
2026-08-09T18:45:17,29.3,84.7,27.4
2026-08-09T18:45:19,29.3,84.7,27.5
2026-08-09T18:45:22,29.3,84.7,27.3
2026-08-09T18:45:24,29.3,84.7,27.4
2026-08-09T18:45:26,29.3,84.7,27.4
2026-08-09T18:45:29,29.3,84.7,27.3
2026-08-09T18:45:31,29.3,84.7,27.5
2026-08-09T18:45:33,29.3,84.7,27.4
2026-08-09T18:45:36,29.3,84.7,27.5
2026-08-09T18:45:38,29.3,84.7,27.3
2026-08-09T18:45:41,29.3,84.7,27.3
2026-08-09T18:45:43,29.3,84.7,27.4
2026-08-09T18:45:45,29.3,84.7,27.4
2026-08-09T18:45:48,29.3,84.7,27.3
2026-08-09T18:45:50,29.3,84.7,27.4
2026-08-09T18:45:52,29.3,84.7,27.5
2026-08-09T18:45:55,29.3,84.7,27.4
2026-08-09T18:45:57,29.3,84.7,27.5
2026-08-09T18:45:59,29.3,84.7,27.6
2026-08-09T18:46:02,29.3,84.7,27.5
2026-08-09T18:46:04,29.3,84.7,27.5
2026-08-09T18:46:06,29.3,84.7,27.6
2026-08-09T18:46:09,29.3,84.7,27.6
2026-08-09T18:46:11,29.3,84.7,27.4
2026-08-09T18:46:13,29.3,84.7,27.4
2026-08-09T18:46:16,29.3,84.7,27.6
2026-08-09T18:46:18,29.3,84.7,27.5
2026-08-09T18:46:21,29.3,84.7,27.4
2026-08-09T18:46:23,29.3,84.7,27.3
2026-08-09T18:46:25,29.3,84.7,27.5
2026-08-09T18:46:28,29.3,84.7,27.3
2026-08-09T18:46:30,29.3,84.7,27.4
2026-08-09T18:46:32,29.3,84.7,27.4
2026-08-09T18:46:35,29.3,84.7,27.6
2026-08-09T18:46:37,29.3,84.7,27.4
2026-08-09T18:46:39,29.3,84.7,27.3
2026-08-09T18:46:42,29.3,84.7,27.4
2026-08-09T18:46:44,29.3,84.7,27.3
2026-08-09T18:46:46,29.3,84.7,27.5
2026-08-09T18:46:49,29.3,84.7,27.5
2026-08-09T18:46:51,29.3,84.7,27.6
2026-08-09T18:46:53,29.3,84.7,27.4
2026-08-09T18:46:56,29.2,84.6,27.6
2026-08-09T18:46:58,29.3,84.7,27.4
2026-08-09T18:47:00,29.3,84.7,27.4
2026-08-09T18:47:03,29.3,84.7,27.4
2026-08-09T18:47:05,29.3,84.7,27.4
2026-08-09T18:47:08,29.3,84.7,27.3
2026-08-09T18:47:10,29.3,84.7,27.4
2026-08-09T18:47:12,29.3,84.7,27.4
2026-08-09T18:47:15,29.3,84.7,27.4
2026-08-09T18:47:17,29.3,84.7,27.3
2026-08-09T18:47:19,29.3,84.7,27.4
2026-08-09T18:47:22,29.3,84.7,27.3
2026-08-09T18:47:24,29.3,84.7,27.4
2026-08-09T18:47:26,29.3,84.7,27.3
2026-08-09T18:47:29,29.3,84.7,27.5
2026-08-09T18:47:31,29.3,84.7,27.4
2026-08-09T18:47:33,29.3,84.7,27.3
2026-08-09T18:47:36,29.3,84.7,27.5
2026-08-09T18:47:38,29.3,84.7,27.4
2026-08-09T18:47:40,29.3,84.7,27.3
2026-08-09T18:47:43,29.3,84.7,27.3
2026-08-09T18:47:45,29.3,84.7,27.4
2026-08-09T18:47:48,29.3,84.7,27.5
2026-08-09T18:47:50,29.3,84.7,27.3
2026-08-09T18:47:52,29.3,84.7,27.5
2026-08-09T18:47:55,29.3,84.7,27.5
2026-08-09T18:47:57,29.3,84.7,27.6
2026-08-09T18:47:59,29.3,84.7,27.5
2026-08-09T18:48:02,29.3,84.7,27.8
2026-08-09T18:48:04,29.3,84.7,27.6
2026-08-09T18:48:06,29.3,84.7,27.6
2026-08-09T18:48:09,29.3,84.7,27.5
2026-08-09T18:48:11,29.3,84.7,27.6
2026-08-09T18:48:13,29.3,84.7,27.6
2026-08-09T18:48:16,29.3,84.7,27.7
2026-08-09T18:48:18,29.3,84.7,27.5
2026-08-09T18:48:20,29.3,84.7,27.7
2026-08-09T18:48:23,29.3,84.7,27.5
2026-08-09T18:48:25,29.3,84.7,27.6
2026-08-09T18:48:27,29.3,84.7,27.5
2026-08-09T18:48:30,29.3,84.7,27.6
2026-08-09T18:48:32,29.3,84.7,27.6
2026-08-09T18:48:35,29.3,84.7,27.3
2026-08-09T18:48:37,29.3,84.7,27.4
2026-08-09T18:48:39,29.3,84.7,27.5
2026-08-09T18:48:42,29.3,84.7,27.6
2026-08-09T18:48:44,29.3,84.7,27.4
2026-08-09T18:48:46,29.3,84.7,27.6
2026-08-09T18:48:49,29.3,84.7,27.4
2026-08-09T18:48:51,29.3,84.7,27.3
2026-08-09T18:48:53,29.3,84.7,27.4
2026-08-09T18:48:56,29.3,84.7,27.4
2026-08-09T18:48:58,29.3,84.7,27.4
2026-08-09T18:49:00,29.4,84.9,27.5
2026-08-09T18:49:03,29.3,84.7,27.6
2026-08-09T18:49:05,29.3,84.7,27.5
2026-08-09T18:49:07,29.3,84.7,27.6
2026-08-09T18:49:10,29.3,84.7,27.6
2026-08-09T18:49:12,29.3,84.7,27.6
2026-08-09T18:49:15,29.3,84.7,27.7
2026-08-09T18:49:17,29.3,84.7,27.6
2026-08-09T18:49:19,29.3,84.7,27.6
2026-08-09T18:49:22,29.3,84.7,27.6
2026-08-09T18:49:24,29.3,84.7,27.5
2026-08-09T18:49:26,29.3,84.7,27.6
2026-08-09T18:49:29,29.3,84.7,27.3
2026-08-09T18:49:31,29.3,84.7,27.3
2026-08-09T18:49:33,29.3,84.7,27.4
2026-08-09T18:49:36,29.3,84.7,27.4
2026-08-09T18:49:38,29.3,84.7,27.3
2026-08-09T18:49:40,29.4,84.9,27.4
2026-08-09T18:49:43,29.3,84.7,27.4
2026-08-09T18:49:45,29.3,84.7,27.3
2026-08-09T18:49:47,29.3,84.7,27.4
2026-08-09T18:49:50,29.3,84.7,27.7
2026-08-09T18:49:52,29.3,84.7,27.4
2026-08-09T18:49:54,29.3,84.7,27.4
2026-08-09T18:49:57,29.3,84.7,27.3
2026-08-09T18:49:59,29.3,84.7,27.3
2026-08-09T18:50:02,29.3,84.7,27.4
2026-08-09T18:50:04,29.3,84.7,27.5
2026-08-09T18:50:06,29.4,84.9,27.3
2026-08-09T18:50:09,29.3,84.7,27.5
2026-08-09T18:50:11,29.3,84.7,27.5
2026-08-09T18:50:13,29.3,84.7,27.4
2026-08-09T18:50:16,29.3,84.7,27.4
2026-08-09T18:50:18,29.3,84.7,27.5
2026-08-09T18:50:20,29.3,84.7,27.4
2026-08-09T18:50:23,29.3,84.7,27.4
2026-08-09T18:50:25,29.3,84.7,27.3
2026-08-09T18:50:27,29.3,84.7,27.4
2026-08-09T18:50:30,29.3,84.7,27.4
2026-08-09T18:50:32,29.3,84.7,27.4
2026-08-09T18:50:34,29.3,84.7,27.5
2026-08-09T18:50:37,29.3,84.7,27.4
2026-08-09T18:50:39,29.3,84.7,27.4
2026-08-09T18:50:42,29.3,84.7,27.5
2026-08-09T18:50:44,29.3,84.7,27.4
2026-08-09T18:50:46,29.3,84.7,27.4
2026-08-09T18:50:49,29.3,84.7,27.4
2026-08-09T18:50:51,29.3,84.7,27.4
2026-08-09T18:50:53,29.3,84.7,27.5
2026-08-09T18:50:56,29.4,84.9,27.3
2026-08-09T18:50:58,29.3,84.7,27.5
2026-08-09T18:51:00,29.3,84.7,27.3
2026-08-09T18:51:03,29.3,84.7,27.3
2026-08-09T18:51:05,29.3,84.7,27.2
2026-08-09T18:51:07,29.3,84.7,27.3
2026-08-09T18:51:10,29.3,84.7,27.3
2026-08-09T18:51:12,29.3,84.7,27.2
2026-08-09T18:51:14,29.3,84.7,27.4
2026-08-09T18:51:17,29.3,84.7,27.4
2026-08-09T18:51:19,29.3,84.7,27.3
2026-08-09T18:51:21,29.3,84.7,27.3
2026-08-09T18:51:24,29.3,84.7,27.2
2026-08-09T18:51:26,29.3,84.7,27.3
2026-08-09T18:51:29,29.3,84.7,27.4
2026-08-09T18:51:31,29.3,84.7,27.2
2026-08-09T18:51:33,29.3,84.7,27.3
2026-08-09T18:51:36,29.3,84.7,27.4
2026-08-09T18:51:38,29.3,84.7,27.2
2026-08-09T18:51:40,29.3,84.7,27.3
2026-08-09T18:51:43,29.4,84.9,27.4
2026-08-09T18:51:45,29.3,84.7,27.2
2026-08-09T18:51:47,29.3,84.7,27.3
2026-08-09T18:51:50,29.3,84.7,27.3
2026-08-09T18:51:52,29.3,84.7,27.4
2026-08-09T18:51:54,29.3,84.7,27.4
2026-08-09T18:51:57,29.3,84.7,27.2
2026-08-09T18:51:59,29.3,84.7,27.2
2026-08-09T18:52:01,29.3,84.7,27.3
2026-08-09T18:52:04,29.3,84.7,27.2
2026-08-09T18:52:06,29.3,84.7,27.2
2026-08-09T18:52:09,29.3,84.7,27.3
2026-08-09T18:52:11,29.3,84.7,27.3
2026-08-09T18:52:13,29.3,84.7,27.4
2026-08-09T18:52:16,29.3,84.7,27.3
2026-08-09T18:52:18,29.3,84.7,27.4
2026-08-09T18:52:20,29.3,84.7,27.2
2026-08-09T18:52:23,29.3,84.7,27.4
2026-08-09T18:52:25,29.3,84.7,27.4
2026-08-09T18:52:27,29.3,84.7,27.3
2026-08-09T18:52:30,29.3,84.7,27.3
2026-08-09T18:52:32,29.3,84.7,27.4
2026-08-09T18:52:34,29.3,84.7,27.4
2026-08-09T18:52:37,29.3,84.7,27.4
2026-08-09T18:52:39,29.3,84.7,27.3
2026-08-09T18:52:41,29.3,84.7,27.3
2026-08-09T18:52:44,29.3,84.7,27.4
2026-08-09T18:52:46,29.3,84.7,27.4
2026-08-09T18:52:48,29.3,84.7,27.2
2026-08-09T18:52:51,29.3,84.7,27.4
2026-08-09T18:52:53,29.3,84.7,27.4
2026-08-09T18:52:56,29.3,84.7,27.4
2026-08-09T18:52:58,29.3,84.7,27.2
2026-08-09T18:53:00,29.3,84.7,27.3
2026-08-09T18:53:03,29.3,84.7,27.3
2026-08-09T18:53:05,29.3,84.7,27.3
2026-08-09T18:53:07,29.3,84.7,27.5
2026-08-09T18:53:10,29.3,84.7,27.3
2026-08-09T18:53:12,29.3,84.7,27.2
2026-08-09T18:53:14,29.4,84.9,27.3
2026-08-09T18:53:17,29.3,84.7,27.2
2026-08-09T18:53:19,29.3,84.7,27.1
2026-08-09T18:53:21,29.4,84.9,27.4
2026-08-09T18:53:24,29.3,84.7,27.1
2026-08-09T18:53:26,29.3,84.7,27.3
2026-08-09T18:53:28,29.3,84.7,27.3
2026-08-09T18:53:31,29.3,84.7,27.2
2026-08-09T18:53:33,29.3,84.7,27.3
2026-08-09T18:53:36,29.3,84.7,27.3
2026-08-09T18:53:38,29.3,84.7,27.4
2026-08-09T18:53:40,29.3,84.7,27.2
2026-08-09T18:53:43,29.3,84.7,27.3
2026-08-09T18:53:45,29.3,84.7,27.5
2026-08-09T18:53:47,29.3,84.7,27.4
2026-08-09T18:53:50,29.3,84.7,27.5
2026-08-09T18:53:52,29.3,84.7,27.4
2026-08-09T18:53:54,29.4,84.9,27.3
2026-08-09T18:53:57,29.3,84.7,27.4
2026-08-09T18:53:59,29.3,84.7,27.5
2026-08-09T18:54:01,29.4,84.9,27.6
2026-08-09T18:54:04,29.3,84.7,27.7
2026-08-09T18:54:06,29.3,84.7,27.6
2026-08-09T18:54:08,29.3,84.7,27.6
2026-08-09T18:54:11,29.4,84.9,27.7
2026-08-09T18:54:13,29.3,84.7,27.7
2026-08-09T18:54:15,29.3,84.7,27.6
2026-08-09T18:54:18,29.3,84.7,27.7
2026-08-09T18:54:20,29.3,84.7,27.8
2026-08-09T18:54:23,29.3,84.7,27.6
2026-08-09T18:54:25,29.3,84.7,27.5
2026-08-09T18:54:27,29.3,84.7,27.8
2026-08-09T18:54:30,29.3,84.7,27.5
2026-08-09T18:54:32,29.3,84.7,27.8
2026-08-09T18:54:34,29.4,84.9,27.7
2026-08-09T18:54:37,29.3,84.7,27.7
2026-08-09T18:54:39,29.3,84.7,27.8
2026-08-09T18:54:41,29.3,84.7,27.8
2026-08-09T18:54:44,29.3,84.7,27.8
2026-08-09T18:54:46,29.4,84.9,28.0
2026-08-09T18:54:48,29.3,84.7,28.1
2026-08-09T18:54:51,29.3,84.7,28.2
2026-08-09T18:54:53,29.3,84.7,28.2
2026-08-09T18:54:55,29.3,84.7,28.1
2026-08-09T18:54:58,29.3,84.7,28.4
2026-08-09T18:55:00,29.4,84.9,28.1
2026-08-09T18:55:03,29.4,84.9,28.2
2026-08-09T18:55:05,29.4,84.9,28.5
2026-08-09T19:02:47,29.3,84.7,27.2
2026-08-09T19:02:50,29.3,84.7,27.3
2026-08-09T19:02:52,29.3,84.7,27.4
2026-08-09T19:02:54,29.3,84.7,27.4
2026-08-09T19:02:57,29.3,84.7,27.2
2026-08-09T19:02:59,29.3,84.7,27.1
2026-08-09T19:03:02,29.3,84.7,27.3
2026-08-09T19:03:04,29.3,84.7,27.3
2026-08-09T19:03:06,29.3,84.7,27.3
2026-08-09T19:03:09,29.3,84.7,27.2
2026-08-09T19:03:11,29.3,84.7,27.4
2026-08-09T19:03:13,29.3,84.7,27.2
2026-08-09T19:03:16,29.3,84.7,27.4
2026-08-09T19:03:18,29.3,84.7,27.3
2026-08-09T19:03:20,29.3,84.7,27.3
2026-08-09T19:03:23,29.3,84.7,27.4
2026-08-09T19:03:25,29.3,84.7,27.3
2026-08-09T19:03:27,29.3,84.7,27.3
2026-08-09T19:03:30,29.3,84.7,27.3
2026-08-09T19:03:32,29.3,84.7,27.1
2026-08-09T19:03:34,29.3,84.7,27.2
2026-08-09T19:03:37,29.3,84.7,27.3
2026-08-09T19:03:39,29.3,84.7,27.3
2026-08-09T19:03:42,29.3,84.7,27.3
2026-08-09T19:03:44,29.3,84.7,27.3
2026-08-09T19:03:46,29.3,84.7,27.2
2026-08-09T19:03:49,29.3,84.7,27.3
2026-08-09T19:03:51,29.3,84.7,27.2
2026-08-09T19:03:53,29.3,84.7,27.3
2026-08-09T19:03:56,29.3,84.7,27.4
2026-08-09T19:03:58,29.3,84.7,27.2
2026-08-09T19:04:00,29.3,84.7,27.2
2026-08-09T19:04:03,29.3,84.7,27.3
2026-08-09T19:04:05,29.3,84.7,27.3
2026-08-09T19:04:07,29.3,84.7,27.1
2026-08-09T19:04:10,29.3,84.7,27.3
2026-08-09T19:04:12,29.3,84.7,27.3
2026-08-09T19:04:14,29.4,84.9,27.2
2026-08-09T19:04:17,29.3,84.7,27.1
2026-08-09T19:04:19,29.3,84.7,27.2
2026-08-09T19:04:21,29.3,84.7,27.1
2026-08-09T19:04:24,29.3,84.7,27.1
2026-08-09T19:04:26,29.3,84.7,27.1
2026-08-09T19:04:29,29.3,84.7,27.2
2026-08-09T19:04:31,29.3,84.7,27.3
2026-08-09T19:04:33,29.3,84.7,27.3
2026-08-09T19:04:36,29.3,84.7,27.3
2026-08-09T19:04:38,29.3,84.7,27.1
2026-08-09T19:04:40,29.3,84.7,27.3
2026-08-09T19:04:43,29.3,84.7,27.3
2026-08-09T19:04:45,29.3,84.7,27.1
2026-08-09T19:04:47,29.3,84.7,27.3
2026-08-09T19:04:50,29.3,84.7,27.2
2026-08-09T19:04:52,29.3,84.7,27.3
2026-08-09T19:04:54,29.3,84.7,27.3
2026-08-09T19:04:57,29.3,84.7,27.2
2026-08-09T19:04:59,29.3,84.7,27.2
2026-08-09T19:05:01,29.3,84.7,27.2
2026-08-09T19:05:04,29.3,84.7,27.2
2026-08-09T19:05:06,29.3,84.7,27.2
2026-08-09T19:05:09,29.3,84.7,27.2
2026-08-09T19:05:11,29.3,84.7,27.1
2026-08-09T19:05:13,29.3,84.7,27.1
2026-08-09T19:05:16,29.3,84.7,27.3
2026-08-09T19:05:18,29.3,84.7,27.3
2026-08-09T19:05:20,29.4,84.9,27.2
2026-08-09T19:05:23,29.3,84.7,27.3
2026-08-09T19:05:25,29.3,84.7,27.2
2026-08-09T19:05:27,29.3,84.7,27.2
2026-08-09T19:05:30,29.4,84.9,27.2
2026-08-09T19:05:32,29.3,84.7,27.1
2026-08-09T19:05:34,29.3,84.7,27.2
2026-08-09T19:05:37,29.3,84.7,27.3
2026-08-09T19:05:39,29.3,84.7,27.4
2026-08-09T19:05:41,29.3,84.7,27.3
2026-08-09T19:05:44,29.3,84.7,27.3
2026-08-09T19:05:46,29.3,84.7,27.1
2026-08-09T19:05:48,29.3,84.7,27.3
2026-08-09T19:05:51,29.3,84.7,27.2
2026-08-09T19:05:53,29.3,84.7,27.2
2026-08-09T19:05:56,29.3,84.7,27.2
2026-08-09T19:05:58,29.3,84.7,27.3
2026-08-09T19:06:00,29.3,84.7,27.5
2026-08-09T19:06:03,29.3,84.7,27.2
2026-08-09T19:06:05,29.3,84.7,27.4
2026-08-09T19:06:07,29.3,84.7,27.2
2026-08-09T19:06:10,29.3,84.7,27.2
2026-08-09T19:06:12,29.3,84.7,27.4
2026-08-09T19:06:14,29.3,84.7,27.3
2026-08-09T19:06:17,29.3,84.7,27.3
2026-08-09T19:06:19,29.4,84.9,27.2
2026-08-09T19:06:21,29.3,84.7,27.3
2026-08-09T19:06:24,29.3,84.7,27.3
2026-08-09T19:06:26,29.3,84.7,27.1
2026-08-09T19:06:28,29.3,84.7,27.2
2026-08-09T19:06:31,29.3,84.7,27.1
2026-08-09T19:06:33,29.3,84.7,27.0
2026-08-09T19:06:36,29.3,84.7,27.1
2026-08-09T19:06:38,29.3,84.7,27.3
2026-08-09T19:06:40,29.4,84.9,27.1
2026-08-09T19:06:43,29.3,84.7,27.3
2026-08-09T19:06:45,29.3,84.7,27.1
2026-08-09T19:06:47,29.3,84.7,27.3
2026-08-09T19:06:50,29.3,84.7,27.1
2026-08-09T19:06:52,29.3,84.7,27.1
2026-08-09T19:06:54,29.4,84.9,27.2
2026-08-09T19:06:57,29.4,84.9,27.2
2026-08-09T19:06:59,29.3,84.7,27.1
2026-08-09T19:07:01,29.3,84.7,27.3
2026-08-09T19:07:04,29.3,84.7,27.0
2026-08-09T19:07:06,29.4,84.9,27.3
2026-08-09T19:07:08,29.3,84.7,27.3
2026-08-09T19:07:11,29.3,84.7,27.3
2026-08-09T19:07:13,29.3,84.7,27.1
2026-08-09T19:07:15,29.3,84.7,27.2
2026-08-09T19:07:18,29.4,84.9,27.3
2026-08-09T19:07:20,29.4,84.9,27.3
2026-08-09T19:07:23,29.3,84.7,27.2
2026-08-09T19:07:25,29.3,84.7,27.3
2026-08-09T19:07:27,29.3,84.7,27.1
2026-08-09T19:07:30,29.3,84.7,27.3
2026-08-09T19:07:32,29.3,84.7,27.2
2026-08-09T19:07:34,29.3,84.7,27.2
2026-08-09T19:07:37,29.4,84.9,27.3
2026-08-09T19:07:39,29.4,84.9,27.2
2026-08-09T19:07:41,29.3,84.7,27.1
2026-08-09T19:07:44,29.3,84.7,27.2
2026-08-09T19:07:46,29.3,84.7,27.3
2026-08-09T19:07:48,29.3,84.7,27.1
2026-08-09T19:07:51,29.3,84.7,27.1
2026-08-09T19:07:53,29.3,84.7,27.1
2026-08-09T19:07:55,29.3,84.7,27.1
2026-08-09T19:07:58,29.3,84.7,27.4
2026-08-09T19:08:00,29.3,84.7,27.1
2026-08-09T19:08:03,29.4,84.9,27.2
2026-08-09T19:08:05,29.3,84.7,27.3
2026-08-09T19:08:07,29.3,84.7,27.3
2026-08-09T19:08:10,29.3,84.7,27.1
2026-08-09T19:08:12,29.3,84.7,27.2
2026-08-09T19:08:14,29.3,84.7,27.1
2026-08-09T19:08:17,29.3,84.7,27.2
2026-08-09T19:08:19,29.4,84.9,27.2
2026-08-09T19:08:21,29.3,84.7,27.0
2026-08-09T19:08:24,29.3,84.7,27.3
2026-08-09T19:08:26,29.3,84.7,27.1
2026-08-09T19:08:28,29.3,84.7,27.3
2026-08-09T19:08:31,29.4,84.9,27.1
2026-08-09T19:08:33,29.3,84.7,27.1
2026-08-09T19:08:35,29.3,84.7,27.2
2026-08-09T19:08:38,29.4,84.9,27.1
2026-08-09T19:08:40,29.3,84.7,27.2
2026-08-09T19:08:43,29.4,84.9,27.1
2026-08-09T19:08:45,29.4,84.9,27.1
2026-08-09T19:08:47,29.4,84.9,27.1
2026-08-09T19:08:50,29.4,84.9,27.2
2026-08-09T19:08:52,29.3,84.7,27.3
2026-08-09T19:08:54,29.4,84.9,27.3
2026-08-09T19:08:57,29.4,84.9,27.3
2026-08-09T19:08:59,29.3,84.7,27.0
2026-08-09T19:09:01,29.3,84.7,27.1
2026-08-09T19:09:04,29.4,84.9,27.4
2026-08-09T19:09:06,29.3,84.7,27.2
2026-08-09T19:09:08,29.3,84.7,27.3
2026-08-09T19:09:11,29.3,84.7,27.2
2026-08-09T19:09:13,29.4,84.9,27.0
2026-08-09T19:09:15,29.4,84.9,27.0
2026-08-09T19:09:18,29.3,84.7,27.3
2026-08-09T19:09:20,29.3,84.7,27.2
2026-08-09T19:09:22,29.3,84.7,27.3
2026-08-09T19:09:25,29.3,84.7,27.1
2026-08-09T19:09:27,29.3,84.7,27.0
2026-08-09T19:09:30,29.3,84.7,27.2
2026-08-09T19:09:32,29.3,84.7,27.1
2026-08-09T19:09:34,29.3,84.7,27.2
2026-08-09T19:09:37,29.3,84.7,27.3
2026-08-09T19:09:39,29.3,84.7,27.1
2026-08-09T19:09:41,29.3,84.7,27.5
2026-08-09T19:09:44,29.3,84.7,27.3
2026-08-09T19:09:46,29.3,84.7,27.3
2026-08-09T19:09:48,29.3,84.7,27.2
2026-08-09T19:09:51,29.3,84.7,27.2
2026-08-09T19:09:53,29.3,84.7,27.0
2026-08-09T19:09:55,29.3,84.7,27.2
2026-08-09T19:09:58,29.4,84.9,27.1
2026-08-09T19:10:00,29.3,84.7,27.1
2026-08-09T19:10:02,29.4,84.9,27.1
2026-08-09T19:10:05,29.4,84.9,27.1
2026-08-09T19:10:07,29.3,84.7,27.2
2026-08-09T19:10:10,29.4,84.9,27.1
2026-08-09T19:10:12,29.3,84.7,27.1
2026-08-09T19:10:14,29.4,84.9,27.0
2026-08-09T19:10:17,29.3,84.7,27.1
2026-08-09T19:10:19,29.3,84.7,27.3
2026-08-09T19:10:21,29.3,84.7,27.1
2026-08-09T19:10:24,29.4,84.9,27.2
2026-08-09T19:10:26,29.4,84.9,27.2
2026-08-09T19:10:28,29.4,84.9,27.1
2026-08-09T19:10:31,29.3,84.7,27.1
2026-08-09T19:10:33,29.4,84.9,27.2
2026-08-09T19:10:35,29.4,84.9,27.1
2026-08-09T19:10:38,29.4,84.9,27.2
2026-08-09T19:10:40,29.4,84.9,27.2
2026-08-09T19:10:42,29.4,84.9,27.1
2026-08-09T19:10:45,29.4,84.9,27.2
2026-08-09T19:10:47,29.3,84.7,27.2
2026-08-09T19:10:49,29.3,84.7,27.1
2026-08-09T19:10:52,29.4,84.9,27.3
2026-08-09T19:10:54,29.4,84.9,27.1
2026-08-09T19:10:57,29.4,84.9,27.2
2026-08-09T19:10:59,29.4,84.9,27.2
2026-08-09T19:11:01,29.4,84.9,27.2
2026-08-09T19:11:04,29.4,84.9,27.2
2026-08-09T19:11:06,29.4,84.9,27.1
2026-08-09T19:11:08,29.4,84.9,27.0
2026-08-09T19:11:11,29.3,84.7,27.0
2026-08-09T19:11:13,29.4,84.9,27.1
2026-08-09T19:11:15,29.4,84.9,27.0
2026-08-09T19:11:18,29.4,84.9,27.1
2026-08-09T19:11:20,29.4,84.9,27.2
2026-08-09T19:11:22,29.4,84.9,27.3
2026-08-09T19:11:25,29.4,84.9,27.3
2026-08-09T19:11:27,29.4,84.9,27.1
2026-08-09T19:11:29,29.3,84.7,27.1
2026-08-09T19:11:32,29.4,84.9,27.1
2026-08-09T19:11:34,29.4,84.9,27.1
2026-08-09T19:11:37,29.4,84.9,27.2
2026-08-09T19:11:39,29.3,84.7,27.2
2026-08-09T19:11:41,29.4,84.9,27.1
2026-08-09T19:11:44,29.4,84.9,27.3
2026-08-09T19:11:46,29.4,84.9,27.4
2026-08-09T19:11:48,29.4,84.9,27.3
2026-08-09T19:11:51,29.4,84.9,27.3
2026-08-09T19:11:53,29.4,84.9,27.4
2026-08-09T19:11:55,29.4,84.9,27.5
2026-08-09T19:11:58,29.4,84.9,27.5
2026-08-09T19:12:00,29.4,84.9,27.5
2026-08-09T19:12:02,29.3,84.7,27.2
2026-08-09T19:12:05,29.3,84.7,27.2
2026-08-09T19:12:07,29.4,84.9,27.2
2026-08-09T19:12:09,29.4,84.9,27.2
2026-08-09T19:12:12,29.4,84.9,27.2
2026-08-09T19:12:14,29.3,84.7,27.5
2026-08-09T19:12:16,29.4,84.9,27.3
2026-08-09T19:12:19,29.4,84.9,27.2
2026-08-09T19:12:21,29.4,84.9,27.2
2026-08-09T19:12:24,29.4,84.9,27.1
2026-08-09T19:12:26,29.4,84.9,27.1
2026-08-09T19:12:28,29.4,84.9,27.1
2026-08-09T19:12:31,29.4,84.9,27.1
2026-08-09T19:12:33,29.4,84.9,27.1
2026-08-09T19:12:35,29.4,84.9,27.2
2026-08-09T19:12:38,29.4,84.9,27.3
2026-08-09T19:12:40,29.4,84.9,27.2
2026-08-09T19:12:42,29.4,84.9,27.1
2026-08-09T19:12:45,29.4,84.9,27.2
2026-08-09T19:12:47,29.4,84.9,27.1
2026-08-09T19:12:49,29.4,84.9,27.1
2026-08-09T19:12:52,29.4,84.9,27.2
2026-08-09T19:12:54,29.4,84.9,27.1
2026-08-09T19:12:56,29.4,84.9,27.1
2026-08-09T19:12:59,29.4,84.9,27.0
2026-08-09T19:13:01,29.4,84.9,27.1
2026-08-09T19:13:04,29.4,84.9,27.0
2026-08-09T19:13:06,29.4,84.9,27.1
2026-08-09T19:13:08,29.4,84.9,27.0
2026-08-09T19:13:11,29.4,84.9,26.9
2026-08-09T19:13:13,29.4,84.9,26.8
2026-08-09T19:13:15,29.4,84.9,27.1
2026-08-09T19:13:18,29.4,84.9,27.1
2026-08-09T19:13:20,29.4,84.9,27.0
2026-08-09T19:13:22,29.4,84.9,27.1
2026-08-09T19:13:25,29.4,84.9,27.0
2026-08-09T19:13:27,29.4,84.9,26.9
2026-08-09T19:13:29,29.4,84.9,27.0
2026-08-09T19:13:32,29.4,84.9,27.1
2026-08-09T19:13:34,29.4,84.9,27.1
2026-08-09T19:13:36,29.4,84.9,27.2
2026-08-09T19:13:39,29.4,84.9,27.1
2026-08-09T19:13:41,29.4,84.9,27.0
2026-08-09T19:13:43,29.4,84.9,27.0
2026-08-09T19:13:46,29.5,85.1,27.0
2026-08-09T19:13:48,29.4,84.9,27.1
2026-08-09T19:13:51,29.5,85.1,27.2
2026-08-09T19:13:53,29.4,84.9,27.1
2026-08-09T19:13:55,29.4,84.9,27.2
2026-08-09T19:13:58,29.4,84.9,26.9
2026-08-09T19:14:00,29.4,84.9,27.2
2026-08-09T19:14:02,29.4,84.9,27.3
2026-08-09T19:14:05,29.4,84.9,27.2
2026-08-09T19:14:07,29.4,84.9,27.0
2026-08-09T19:14:09,29.5,85.1,27.1
2026-08-09T19:14:12,29.5,85.1,27.1
2026-08-09T19:14:14,29.4,84.9,27.1
2026-08-09T19:14:16,29.4,84.9,27.1
2026-08-09T19:14:19,29.4,84.9,27.0
2026-08-09T19:14:21,29.4,84.9,27.3
2026-08-09T19:14:23,29.4,84.9,27.1
2026-08-09T19:14:26,29.4,84.9,27.2
2026-08-09T19:14:28,29.4,84.9,26.9
2026-08-09T19:14:31,29.4,84.9,27.0
2026-08-09T19:14:33,29.4,84.9,27.3
2026-08-09T19:14:35,29.5,85.1,27.2
2026-08-09T19:14:38,29.4,84.9,27.2
2026-08-09T19:14:40,29.4,84.9,27.3
2026-08-09T19:14:42,29.5,85.1,27.2
2026-08-09T19:14:45,29.4,84.9,27.4
2026-08-09T19:14:47,29.4,84.9,27.1
2026-08-09T19:14:49,29.5,85.1,27.3
2026-08-09T19:14:52,29.5,85.1,27.3
2026-08-09T19:14:54,29.5,85.1,27.2
2026-08-09T19:14:56,29.4,84.9,27.1
2026-08-09T19:14:59,29.4,84.9,27.0
2026-08-09T19:15:01,29.4,84.9,27.1
2026-08-09T19:15:03,29.5,85.1,27.1
2026-08-09T19:15:06,29.4,84.9,27.1
2026-08-09T19:15:08,29.5,85.1,27.1
2026-08-09T19:15:10,29.4,84.9,27.1
2026-08-09T19:15:13,29.4,84.9,27.1
2026-08-09T19:15:15,29.5,85.1,27.2
2026-08-09T19:15:18,29.4,84.9,27.0
2026-08-09T19:15:20,29.4,84.9,27.0
2026-08-09T19:15:22,29.4,84.9,27.1
2026-08-09T19:15:25,29.5,85.1,27.1
2026-08-09T19:15:27,29.5,85.1,27.1
2026-08-09T19:15:29,29.5,85.1,27.1
2026-08-09T19:15:32,29.5,85.1,27.2
2026-08-09T19:15:34,29.5,85.1,27.2
2026-08-09T19:15:36,29.4,84.9,27.2
2026-08-09T19:15:39,29.4,84.9,27.1
2026-08-09T19:15:41,29.5,85.1,27.1
2026-08-09T19:15:43,29.4,84.9,27.3
2026-08-09T19:15:46,29.5,85.1,27.1
2026-08-09T19:15:48,29.4,84.9,27.1
2026-08-09T19:15:50,29.5,85.1,27.1
2026-08-09T19:15:53,29.4,84.9,27.2
2026-08-09T19:15:55,29.5,85.1,27.0
2026-08-09T19:15:58,29.5,85.1,27.0
2026-08-09T19:16:00,29.5,85.1,27.1
2026-08-09T19:16:02,29.4,84.9,27.2
2026-08-09T19:16:05,29.4,84.9,27.1
2026-08-09T19:16:07,29.5,85.1,27.2
2026-08-09T19:16:09,29.4,84.9,27.1
2026-08-09T19:16:12,29.4,84.9,27.2
2026-08-09T19:16:14,29.5,85.1,27.2
2026-08-09T19:16:16,29.5,85.1,27.2
2026-08-09T19:16:19,29.5,85.1,27.2
2026-08-09T19:16:21,29.4,84.9,27.2
2026-08-09T19:16:23,29.5,85.1,27.3
2026-08-09T19:16:26,29.4,84.9,27.1
2026-08-09T19:16:28,29.5,85.1,27.2
2026-08-09T19:16:30,29.5,85.1,27.3
2026-08-09T19:16:33,29.4,84.9,27.2
2026-08-09T19:16:35,29.5,85.1,27.4
2026-08-09T19:16:37,29.5,85.1,27.2
2026-08-09T19:16:40,29.5,85.1,27.2
2026-08-09T19:16:42,29.5,85.1,27.3
2026-08-09T19:16:45,29.5,85.1,27.3
2026-08-09T19:16:47,29.5,85.1,27.3
2026-08-09T19:16:49,29.4,84.9,27.3
2026-08-09T19:16:52,29.5,85.1,27.1
2026-08-09T19:16:54,29.5,85.1,27.0
2026-08-09T19:16:56,29.5,85.1,27.1
2026-08-09T19:16:59,29.5,85.1,27.1
2026-08-09T19:17:01,29.5,85.1,27.1
2026-08-09T19:17:03,29.5,85.1,27.2
2026-08-09T19:17:06,29.5,85.1,27.2
2026-08-09T19:17:08,29.5,85.1,27.2
2026-08-09T19:17:10,29.5,85.1,27.0
2026-08-09T19:17:13,29.5,85.1,27.1
2026-08-09T19:17:15,29.4,84.9,27.1
2026-08-09T19:17:17,29.5,85.1,27.0
2026-08-09T19:17:20,29.5,85.1,27.1
2026-08-09T19:17:22,29.5,85.1,27.1
2026-08-09T19:17:25,29.5,85.1,27.1
2026-08-09T19:17:27,29.5,85.1,27.1
2026-08-09T19:17:29,29.5,85.1,27.1
2026-08-09T19:17:32,29.5,85.1,27.0
2026-08-09T19:17:34,29.5,85.1,27.0
2026-08-09T19:17:36,29.5,85.1,27.1
2026-08-09T19:17:39,29.5,85.1,27.2
2026-08-09T19:17:41,29.5,85.1,27.1
2026-08-09T19:17:43,29.5,85.1,27.0
2026-08-09T19:17:46,29.5,85.1,27.1
2026-08-09T19:17:48,29.5,85.1,27.0
2026-08-09T19:17:50,29.5,85.1,27.2
2026-08-09T19:17:53,29.5,85.1,27.0
2026-08-09T19:17:55,29.5,85.1,27.2
2026-08-09T19:17:57,29.5,85.1,26.9
2026-08-09T19:18:00,29.5,85.1,27.2
2026-08-09T19:18:02,29.5,85.1,27.1
2026-08-09T19:18:04,29.5,85.1,27.2
2026-08-09T19:18:07,29.5,85.1,27.2
2026-08-09T19:18:09,29.5,85.1,27.1
2026-08-09T19:18:12,29.5,85.1,27.1
2026-08-09T19:18:14,29.5,85.1,27.2
2026-08-09T19:18:16,29.5,85.1,27.2
2026-08-09T19:18:19,29.5,85.1,27.1
2026-08-09T19:18:21,29.5,85.1,27.1
2026-08-09T19:18:23,29.5,85.1,27.0
2026-08-09T19:18:26,29.5,85.1,27.1
2026-08-09T19:18:28,29.5,85.1,27.1
2026-08-09T19:18:30,29.5,85.1,27.0
2026-08-09T19:18:33,29.5,85.1,27.1
2026-08-09T19:18:35,29.5,85.1,27.1
2026-08-09T19:18:37,29.5,85.1,27.0
2026-08-09T19:18:40,29.5,85.1,27.2
2026-08-09T19:18:42,29.5,85.1,27.1
2026-08-09T19:18:44,29.5,85.1,27.2
2026-08-09T19:18:47,29.5,85.1,27.0
2026-08-09T19:18:49,29.5,85.1,27.0
2026-08-09T19:18:52,29.5,85.1,27.1
2026-08-09T19:18:54,29.5,85.1,27.1
2026-08-09T19:18:56,29.5,85.1,27.0
2026-08-09T19:18:59,29.5,85.1,27.1
2026-08-09T19:19:01,29.5,85.1,27.2
2026-08-09T19:19:03,29.5,85.1,27.1
2026-08-09T19:19:06,29.5,85.1,27.0
2026-08-09T19:19:08,29.5,85.1,27.1
2026-08-09T19:19:10,29.5,85.1,27.2
2026-08-09T19:19:13,29.5,85.1,27.0
2026-08-09T19:19:15,29.5,85.1,27.1
2026-08-09T19:19:17,29.5,85.1,27.1
2026-08-09T19:19:20,29.5,85.1,27.0
2026-08-09T19:19:22,29.5,85.1,27.1
2026-08-09T19:19:24,29.5,85.1,27.2
2026-08-09T19:19:27,29.5,85.1,27.1
2026-08-09T19:19:29,29.5,85.1,27.2
2026-08-09T19:19:31,29.5,85.1,26.8
2026-08-09T19:19:34,29.5,85.1,27.1
2026-08-09T19:19:36,29.5,85.1,27.0
2026-08-09T19:19:39,29.5,85.1,27.1
2026-08-09T19:19:41,29.5,85.1,27.1
2026-08-09T19:19:43,29.5,85.1,26.9
2026-08-09T19:19:46,29.5,85.1,26.9
2026-08-09T19:19:48,29.5,85.1,27.0
2026-08-09T19:19:50,29.5,85.1,27.0
2026-08-09T19:19:53,29.5,85.1,27.0
2026-08-09T19:19:55,29.5,85.1,27.0
2026-08-09T19:19:57,29.6,85.3,27.0
2026-08-09T19:20:00,29.5,85.1,27.0
2026-08-09T19:20:02,29.5,85.1,27.0
2026-08-09T19:20:04,29.5,85.1,27.0
2026-08-09T19:20:07,29.5,85.1,26.9
2026-08-09T19:20:09,29.5,85.1,26.9
2026-08-09T19:20:11,29.5,85.1,27.2
2026-08-09T19:20:14,29.5,85.1,27.0
2026-08-09T19:20:16,29.5,85.1,27.0
2026-08-09T19:20:19,29.5,85.1,27.0
2026-08-09T19:20:21,29.5,85.1,27.0
2026-08-09T19:20:23,29.5,85.1,27.1
2026-08-09T19:20:26,29.5,85.1,27.0
2026-08-09T19:20:28,29.6,85.3,27.1
2026-08-09T19:20:30,29.5,85.1,27.2
2026-08-09T19:20:33,29.5,85.1,26.9
2026-08-09T19:20:35,29.5,85.1,27.1
2026-08-09T19:20:37,29.5,85.1,27.0
2026-08-09T19:20:40,29.5,85.1,27.0
2026-08-09T19:20:42,29.5,85.1,27.0
2026-08-09T19:20:44,29.6,85.3,27.2
2026-08-09T19:20:47,29.5,85.1,26.9
2026-08-09T19:20:49,29.5,85.1,27.0
2026-08-09T19:20:51,29.5,85.1,26.9
2026-08-09T19:20:54,29.5,85.1,27.1
2026-08-09T19:20:56,29.5,85.1,27.0
2026-08-09T19:20:58,29.5,85.1,26.9
2026-08-09T19:21:01,29.5,85.1,27.0
2026-08-09T19:21:03,29.5,85.1,27.1
2026-08-09T19:21:06,29.5,85.1,27.0
2026-08-09T19:21:08,29.5,85.1,27.1
2026-08-09T19:21:10,29.5,85.1,26.9
2026-08-09T19:21:13,29.5,85.1,26.9
2026-08-09T19:21:15,29.5,85.1,27.0
2026-08-09T19:21:17,29.5,85.1,27.0
2026-08-09T19:21:20,29.5,85.1,27.0
2026-08-09T19:21:22,29.5,85.1,27.0
2026-08-09T19:21:24,29.5,85.1,26.8
2026-08-09T19:21:27,29.5,85.1,27.0
2026-08-09T19:21:29,29.5,85.1,27.0
2026-08-09T19:21:31,29.5,85.1,26.9
2026-08-09T19:21:34,29.5,85.1,26.9
2026-08-09T19:21:36,29.5,85.1,27.0
2026-08-09T19:21:38,29.5,85.1,27.1
2026-08-09T19:21:41,29.5,85.1,27.1
2026-08-09T19:21:43,29.5,85.1,27.0
2026-08-09T19:21:46,29.5,85.1,26.9
2026-08-09T19:21:48,29.5,85.1,27.0
2026-08-09T19:21:50,29.5,85.1,27.1
2026-08-09T19:21:53,29.5,85.1,27.0
2026-08-09T19:21:55,29.5,85.1,26.8
2026-08-09T19:21:57,29.5,85.1,26.8
2026-08-09T19:22:00,29.5,85.1,26.8
2026-08-09T19:22:02,29.5,85.1,26.7
2026-08-09T19:22:04,29.5,85.1,26.9
2026-08-09T19:22:07,29.5,85.1,26.8
2026-08-09T19:22:09,29.5,85.1,26.9
2026-08-09T19:22:11,29.5,85.1,26.9
2026-08-09T19:22:14,29.5,85.1,26.9
2026-08-09T19:22:16,29.5,85.1,26.8
2026-08-09T19:22:18,29.5,85.1,26.9
2026-08-09T19:22:21,29.5,85.1,26.9
2026-08-09T19:22:23,29.5,85.1,26.8
2026-08-09T19:22:25,29.5,85.1,26.9
2026-08-09T19:22:28,29.5,85.1,26.8
2026-08-09T19:22:30,29.5,85.1,26.8
2026-08-09T19:22:33,29.5,85.1,26.9
2026-08-09T19:22:35,29.5,85.1,27.0
2026-08-09T19:22:37,29.5,85.1,26.9
2026-08-09T19:22:40,29.5,85.1,26.9
2026-08-09T19:22:42,29.5,85.1,26.9
2026-08-09T19:22:44,29.5,85.1,26.9
2026-08-09T19:22:47,29.5,85.1,26.9
2026-08-09T19:22:49,29.5,85.1,27.1
2026-08-09T19:22:51,29.5,85.1,27.0
2026-08-09T19:22:54,29.5,85.1,26.9
2026-08-09T19:22:56,29.5,85.1,27.0
2026-08-09T19:22:58,29.5,85.1,27.0
2026-08-09T19:23:01,29.5,85.1,27.0
2026-08-09T19:23:03,29.5,85.1,27.0
2026-08-09T19:23:05,29.5,85.1,26.9
2026-08-09T19:23:08,29.5,85.1,27.0
2026-08-09T19:23:10,29.5,85.1,27.0
2026-08-09T19:23:13,29.5,85.1,27.1
2026-08-09T19:23:15,29.5,85.1,27.0
2026-08-09T19:23:17,29.5,85.1,27.0
2026-08-09T19:23:20,29.5,85.1,27.0
2026-08-09T19:23:22,29.5,85.1,26.9
2026-08-09T19:23:24,29.5,85.1,26.9
2026-08-09T19:23:27,29.6,85.3,27.0
2026-08-09T19:23:29,29.5,85.1,26.9
2026-08-09T19:23:31,29.5,85.1,26.9
2026-08-09T19:23:34,29.6,85.3,27.0
2026-08-09T19:23:36,29.5,85.1,26.9
2026-08-09T19:23:38,29.5,85.1,27.1
2026-08-09T19:23:41,29.6,85.3,27.0
2026-08-09T19:23:43,29.5,85.1,26.9
2026-08-09T19:23:45,29.5,85.1,26.9
2026-08-09T19:23:48,29.5,85.1,27.1
2026-08-09T19:23:50,29.6,85.3,27.0
2026-08-09T19:23:52,29.6,85.3,27.2
2026-08-09T19:23:55,29.6,85.3,27.2
2026-08-09T19:23:57,29.6,85.3,27.0
2026-08-09T19:24:00,29.5,85.1,27.1
2026-08-09T19:24:02,29.5,85.1,27.0
2026-08-09T19:24:04,29.6,85.3,26.9
2026-08-09T19:24:07,29.5,85.1,26.9
2026-08-09T19:24:09,29.6,85.3,26.9
2026-08-09T19:24:11,29.5,85.1,27.0
2026-08-09T19:24:14,29.5,85.1,27.0
2026-08-09T19:24:16,29.6,85.3,27.1
2026-08-09T19:24:18,29.6,85.3,27.0
2026-08-09T19:24:21,29.5,85.1,27.0
2026-08-09T19:24:23,29.5,85.1,27.0
2026-08-09T19:24:25,29.5,85.1,27.0
2026-08-09T19:24:28,29.6,85.3,26.8
2026-08-09T19:24:30,29.5,85.1,26.9
2026-08-09T19:24:32,29.5,85.1,27.0
2026-08-09T19:24:35,29.6,85.3,26.9
2026-08-09T19:24:37,29.5,85.1,26.9
2026-08-09T19:24:40,29.5,85.1,26.9
2026-08-09T19:24:42,29.5,85.1,27.0
2026-08-09T19:24:44,29.6,85.3,26.8
2026-08-09T19:24:47,29.6,85.3,26.9
2026-08-09T19:24:49,29.5,85.1,27.0
2026-08-09T19:24:51,29.5,85.1,26.9
2026-08-09T19:24:54,29.6,85.3,26.8
2026-08-09T19:24:56,29.6,85.3,27.0
2026-08-09T19:24:58,29.5,85.1,27.0
2026-08-09T19:25:01,29.6,85.3,26.8
2026-08-09T19:25:03,29.6,85.3,26.8
2026-08-09T19:25:05,29.6,85.3,27.0
2026-08-09T19:25:08,29.5,85.1,27.0
2026-08-09T19:25:10,29.6,85.3,26.9
2026-08-09T19:25:12,29.5,85.1,26.9
2026-08-09T19:25:15,29.6,85.3,26.8
2026-08-09T19:25:17,29.5,85.1,26.9
2026-08-09T19:25:20,29.6,85.3,26.7
2026-08-09T19:25:22,29.6,85.3,27.2
2026-08-09T19:25:24,29.5,85.1,26.8
2026-08-09T19:25:27,29.6,85.3,26.9
2026-08-09T19:25:29,29.6,85.3,26.9
2026-08-09T19:25:31,29.6,85.3,27.0
2026-08-09T19:25:34,29.5,85.1,26.9
2026-08-09T19:25:36,29.6,85.3,27.1
2026-08-09T19:25:38,29.6,85.3,26.8
2026-08-09T19:25:41,29.6,85.3,27.1
2026-08-09T19:25:43,29.5,85.1,26.9
2026-08-09T19:25:45,29.6,85.3,27.0
2026-08-09T19:25:48,29.6,85.3,27.0
2026-08-09T19:25:50,29.5,85.1,27.0
2026-08-09T19:25:52,29.6,85.3,26.9
2026-08-09T19:25:55,29.5,85.1,26.8
2026-08-09T19:25:57,29.6,85.3,26.8
2026-08-09T19:25:59,29.6,85.3,26.8
2026-08-09T19:26:02,29.6,85.3,26.9
2026-08-09T19:26:04,29.6,85.3,26.9
2026-08-09T19:26:07,29.6,85.3,26.8
2026-08-09T19:26:09,29.6,85.3,26.8
2026-08-09T19:26:11,29.5,85.1,26.8
2026-08-09T19:26:14,29.6,85.3,26.9
2026-08-09T19:26:16,29.5,85.1,26.9
2026-08-09T19:26:18,29.6,85.3,27.0
2026-08-09T19:26:21,29.6,85.3,27.0
2026-08-09T19:26:23,29.6,85.3,26.9
2026-08-09T19:26:25,29.6,85.3,26.9
2026-08-09T19:26:28,29.6,85.3,26.8
2026-08-09T19:26:30,29.6,85.3,27.0
2026-08-09T19:26:32,29.5,85.1,26.8
2026-08-09T19:26:35,29.6,85.3,26.9
2026-08-09T19:26:37,29.6,85.3,26.8
2026-08-09T19:26:39,29.5,85.1,26.8
2026-08-09T19:26:42,29.6,85.3,26.8
2026-08-09T19:26:44,29.6,85.3,26.9
2026-08-09T19:26:47,29.6,85.3,26.9
2026-08-09T19:26:49,29.6,85.3,27.0
2026-08-09T19:26:51,29.6,85.3,27.1
2026-08-09T19:26:54,29.6,85.3,26.8
2026-08-09T19:26:56,29.6,85.3,26.9
2026-08-09T19:26:58,29.6,85.3,26.9
2026-08-09T19:27:01,29.6,85.3,26.8
2026-08-09T19:27:03,29.6,85.3,27.0
2026-08-09T19:27:05,29.6,85.3,26.9
2026-08-09T19:27:08,29.6,85.3,26.9
2026-08-09T19:27:10,29.6,85.3,26.9
2026-08-09T19:27:12,29.6,85.3,26.8
2026-08-09T19:27:15,29.6,85.3,26.8
2026-08-09T19:27:17,29.6,85.3,26.9
2026-08-09T19:27:19,29.6,85.3,26.9
2026-08-09T19:27:22,29.6,85.3,26.9
2026-08-09T19:27:24,29.6,85.3,26.8
2026-08-09T19:27:26,29.6,85.3,26.9
2026-08-09T19:27:29,29.6,85.3,26.9
2026-08-09T19:27:31,29.6,85.3,26.8
2026-08-09T19:27:34,29.6,85.3,26.8
2026-08-09T19:27:36,29.6,85.3,27.0
2026-08-09T19:27:38,29.6,85.3,26.8
2026-08-09T19:27:41,29.6,85.3,26.9
2026-08-09T19:27:43,29.6,85.3,27.0
2026-08-09T19:27:45,29.6,85.3,26.9
2026-08-09T19:27:48,29.6,85.3,26.9
2026-08-09T19:27:50,29.6,85.3,26.9
2026-08-09T19:27:52,29.6,85.3,26.6
2026-08-09T19:27:55,29.6,85.3,27.0
2026-08-09T19:27:57,29.6,85.3,26.9
2026-08-09T19:27:59,29.6,85.3,27.0
2026-08-09T19:28:02,29.6,85.3,26.7
2026-08-09T19:28:04,29.6,85.3,26.9
2026-08-09T19:28:06,29.6,85.3,26.9
2026-08-09T19:28:09,29.6,85.3,27.0
2026-08-09T19:28:11,29.6,85.3,26.7
2026-08-09T19:28:14,29.6,85.3,27.0
2026-08-09T19:28:16,29.6,85.3,26.8
2026-08-09T19:28:18,29.6,85.3,26.9
2026-08-09T19:28:21,29.6,85.3,26.9
2026-08-09T19:28:23,29.6,85.3,26.9
2026-08-09T19:28:25,29.6,85.3,26.8
2026-08-09T19:28:28,29.6,85.3,26.9
2026-08-09T19:28:30,29.6,85.3,26.8
2026-08-09T19:28:32,29.6,85.3,26.7
2026-08-09T19:28:35,29.6,85.3,26.9
2026-08-09T19:28:37,29.6,85.3,26.7
2026-08-09T19:28:39,29.6,85.3,26.9
2026-08-09T19:28:42,29.6,85.3,26.9
2026-08-09T19:28:44,29.6,85.3,26.9
2026-08-09T19:28:46,29.6,85.3,26.8
2026-08-09T19:28:49,29.6,85.3,26.8
2026-08-09T19:28:51,29.6,85.3,26.8
2026-08-09T19:28:53,29.6,85.3,26.9
2026-08-09T19:28:56,29.6,85.3,26.8
2026-08-09T19:28:58,29.6,85.3,26.8
2026-08-09T19:29:01,29.6,85.3,26.8
2026-08-09T19:29:03,29.6,85.3,26.8
2026-08-09T19:29:05,29.6,85.3,26.7
2026-08-09T19:29:08,29.6,85.3,26.9
2026-08-09T19:29:10,29.6,85.3,26.8
2026-08-09T19:29:12,29.6,85.3,26.8
2026-08-09T19:29:15,29.6,85.3,26.7
2026-08-09T19:29:17,29.6,85.3,26.8
2026-08-09T19:29:19,29.6,85.3,26.9
2026-08-09T19:29:22,29.6,85.3,26.8
2026-08-09T19:29:24,29.6,85.3,26.8
2026-08-09T19:29:26,29.6,85.3,27.0
2026-08-09T19:29:29,29.6,85.3,26.9
2026-08-09T19:29:31,29.6,85.3,26.9
2026-08-09T19:29:33,29.6,85.3,26.7
2026-08-09T19:29:36,29.6,85.3,26.8
2026-08-09T19:29:38,29.6,85.3,26.7
2026-08-09T19:29:41,29.6,85.3,26.9
2026-08-09T19:29:43,29.6,85.3,26.9
2026-08-09T19:29:45,29.6,85.3,26.9
2026-08-09T19:29:48,29.6,85.3,26.7
2026-08-09T19:29:50,29.6,85.3,26.7
2026-08-09T19:29:52,29.6,85.3,26.8
2026-08-09T19:29:55,29.6,85.3,26.7
2026-08-09T19:29:57,29.6,85.3,26.8
2026-08-09T19:29:59,29.6,85.3,26.8
2026-08-09T19:30:02,29.7,85.5,26.8
2026-08-09T19:30:04,29.6,85.3,26.7
2026-08-09T19:30:06,29.6,85.3,26.6
2026-08-09T19:30:09,29.6,85.3,26.8
2026-08-09T19:30:11,29.6,85.3,26.8
2026-08-09T19:30:13,29.6,85.3,26.9
2026-08-09T19:30:16,29.6,85.3,26.7
2026-08-09T19:30:18,29.6,85.3,26.9
2026-08-09T19:30:20,29.6,85.3,26.7
2026-08-09T19:30:23,29.6,85.3,26.8
2026-08-09T19:30:25,29.6,85.3,26.8
2026-08-09T19:30:28,29.6,85.3,26.9
2026-08-09T19:30:30,29.6,85.3,27.0
2026-08-09T19:30:32,29.6,85.3,26.7
2026-08-09T19:30:35,29.7,85.5,26.7
2026-08-09T19:30:37,29.6,85.3,26.8
2026-08-09T19:30:39,29.6,85.3,26.8
2026-08-09T19:30:42,29.6,85.3,26.8
2026-08-09T19:30:44,29.6,85.3,26.8
2026-08-09T19:30:46,29.6,85.3,26.9
2026-08-09T19:30:49,29.7,85.5,26.7
2026-08-09T19:30:51,29.7,85.5,26.8
2026-08-09T19:30:53,29.6,85.3,26.7
2026-08-09T19:30:56,29.6,85.3,26.8
2026-08-09T19:30:58,29.6,85.3,26.7
2026-08-09T19:31:00,29.6,85.3,26.7
2026-08-09T19:31:03,29.6,85.3,26.8
2026-08-09T19:31:05,29.7,85.5,26.8
2026-08-09T19:31:08,29.6,85.3,26.7
2026-08-09T19:31:10,29.7,85.5,26.8
2026-08-09T19:31:12,29.6,85.3,26.9
2026-08-09T19:31:15,29.6,85.3,26.8
2026-08-09T19:31:17,29.7,85.5,26.8
2026-08-09T19:31:19,29.6,85.3,26.6
2026-08-09T19:31:22,29.6,85.3,27.0
                                                                        